Circuit Size,GidNET Mean Runtime,GidNET Stdev Runtime,GidNET Min Width,QNET Mean Runtime,QNET Stdev Runtime,QNET Min Width,Qiskit Mean Runtime,Qiskit Stdev Runtime,Qiskit Min Width
16,0.06827151775360107,0.03820589359065215,8,0.28300979137420657,0.04298748510717605,8,0.03711657524108887,0.0015470205727867539,11
20,0.05749216079711914,0.004998230433914498,9,0.7016155958175659,0.05153640090142219,9,0.06172034740447998,0.01047175755451169,14
