Circuit Size,GidNET Mean Runtime,GidNET Stdev Runtime,GidNET Min Width,QNET Mean Runtime,QNET Stdev Runtime,QNET Min Width,Qiskit Mean Runtime,Qiskit Stdev Runtime,Qiskit Min Width
16,0.0477841854095459,0.009658881370887168,9,0.1691132068634033,0.026762750400175294,9,0.08786616325378419,0.01838827142582405,10
20,0.08182342052459717,0.019147084235639045,11,0.5122019290924072,0.04530283435128798,10,0.1005894660949707,0.008107595929041712,15
