Circuit Size,GidNET Mean Runtime,GidNET Stdev Runtime,GidNET Min Width,QNET Mean Runtime,QNET Stdev Runtime,QNET Min Width,Qiskit Mean Runtime,Qiskit Stdev Runtime,Qiskit Min Width
16,0.0357001781463623,0.012019658797189805,8,0.2915083408355713,0.014444576042967306,8,0.05487117767333984,0.024323645262570515,11
20,0.06908073425292968,0.0063371048769017765,9,0.7780462741851807,0.03943292247694172,9,0.06885898113250732,0.025311962867196686,14
