Circuit Size,GidNET Mean Runtime,GidNET Stdev Runtime,GidNET Min Width,QNET Mean Runtime,QNET Stdev Runtime,QNET Min Width,Qiskit Mean Runtime,Qiskit Stdev Runtime,Qiskit Min Width
16,0.04467208385467529,0.003061394465251839,9,0.18534774780273439,0.02073315323967818,9,0.07322080135345459,0.004633881953019655,10
20,0.07785735130310059,0.020885587406739785,11,0.5585782766342163,0.04164589611244897,10,0.11900603771209717,0.02462372455930441,15
