Circuit Sizes,QNET-random Average Runtime,QNET-random Stdev Runtime,QNET-random Width
16,0.13855634268568662,0.005214241187693207,10
20,0.38439068557168604,0.022678068464922277,12
